id,lat,lon,has_real_aq
127,41.9506391708,-87.6687696998,True
129,41.9652332098,-87.66916477465,True
133,41.7248497396,-87.66295064650001,True
134,41.73213704415,-87.66314152654999,True
135,41.7394343421,-87.6633415389,True
136,41.7467179887,-87.66352767309999,True
137,41.7576341212,-87.6637999151,True
138,41.768551590550004,-87.6640918313,True
139,41.7758293619,-87.66430424334999,True
145,41.81951243,-87.66541164604999,True
146,41.82682770855,-87.6656216959,True
147,41.8340936717,-87.6658383956,True
148,41.84500852235,-87.6660664154,True
149,41.855063467600004,-87.6662647024,True
151,41.8705320271,-87.66667480695,True
152,41.87875077005,-87.66691875475,True
153,41.887139251449995,-87.6671906322,True
154,41.893526582999996,-87.6674007079,True
3,41.7934651516,-87.69867736155001,True
4,41.7936464891,-87.68892122875,True
5,41.7937592431,-87.6791725636,True
6,41.79383313375,-87.66944260615,True
7,41.79396091535,-87.65972946785,True
17,41.7930966084,-87.74724482905,True
31,41.7895695122,-87.72291133190001,True
32,41.797759943900004,-87.72315147489999,True
33,41.8050995591,-87.72334847105,True
34,41.8115385849,-87.72357551019999,True
35,41.81909214775,-87.72380967915001,True
36,41.82993553505,-87.7240828697,True
37,41.84056774085,-87.72430336885,True
38,41.847899888149996,-87.72450698615,True
39,41.855206471100004,-87.72470799745,True
40,41.862519255449996,-87.7249138237,True
42,41.87860592575,-87.7254406916,True
43,41.883701161299996,-87.72558893465,True
48,41.91352545185,-87.7262956148,True
49,41.92082408515,-87.72651471239999,True
50,41.92813618865,-87.7267245093,True
51,41.9364781174,-87.7269733194,True
54,41.96392708255,-87.72776532235,True
55,41.9718861866,-87.72798111385,True
56,41.97918079995,-87.72818364445001,True
57,41.985741289749996,-87.7283177717,True
159,41.928778624749995,-87.66845364490001,True
160,41.9360510844,-87.66871159635,True
161,41.9433443712,-87.66894367805,True
162,41.95064129795,-87.66913729145,True
169,41.7932106832,-87.73747286365,True
170,41.793297395050004,-87.7280599511,True
171,41.793378283500004,-87.71838107745,True
172,41.793533040300005,-87.70857862049999,True
177,41.79423532705,-87.6597265946,True
178,41.794374071,-87.65001584769999,True
179,41.7945554579,-87.63814210605,True
180,41.79472612515,-87.6284124277,True
181,41.7948592034,-87.62083954095,True
185,41.7349838007,-87.7070466001,True
186,41.90968392085,-87.7312981975,True
188,41.9099175362,-87.7118319041,True
189,41.91002913115,-87.7019990159,True
190,41.91013190125,-87.69212915290001,True
191,41.910259602349996,-87.6824047677,True
192,41.910414313000004,-87.6726402499,True
193,41.9105310091,-87.66492776965,True
200,41.90957720685,-87.76075866885,True
201,41.9097007325,-87.75095378815,True
202,41.909827876899996,-87.7411875118,True
203,41.909958330799995,-87.73129561900001,True
204,41.91007762605,-87.72151438290001,True
208,41.9105340097,-87.6824019798,True
209,41.91068871985,-87.67263742015001,True
210,41.91080541555,-87.6649249068,True
67,41.7568383041,-87.72238435395,True
68,41.7677400275,-87.7227152856,True
69,41.7750190168,-87.72291796420001,True
70,41.782300328800005,-87.7231107275,True
71,41.78957340675,-87.72331021709999,True
72,41.7977638376,-87.72354171115,True
73,41.805103452,-87.72375560615001,True
74,41.8115424769,-87.72397445215,True
75,41.8190960388,-87.7242064153,True
76,41.82993942535,-87.7244508437,True
77,41.84057163035,-87.72470235515001,True
79,41.8552103591,-87.7251073983,True
80,41.8625231427,-87.7253133971,True
81,41.8707271569,-87.72557527935001,True
82,41.878609810849994,-87.72584350525,True
85,41.899022463799994,-87.72644266270001,True
86,41.904416652500004,-87.72660631355001,True
87,41.90802427035,-87.72662022965,True
88,41.913529334100005,-87.7266959052,True
89,41.92082796655,-87.7269149076,True
90,41.92814006925,-87.7271248454,True
91,41.9364819971,-87.72736395180002,True
92,41.947410708999996,-87.72768327405001,True
98,41.724847602,-87.6625843452,True
99,41.73213490685,-87.66277518385,True
102,41.7576319849,-87.66343342735,True
103,41.76854945475,-87.66372528135,True
104,41.775827226450005,-87.66393765195,True
105,41.783104637250005,-87.6641243133,True
106,41.79038453305,-87.6643048171,True
107,41.797670221450005,-87.66449578835,True
112,41.834091538799996,-87.6654714718,True
113,41.8450063897,-87.66569942925,True
114,41.85506133515,-87.66589765875,True
117,41.87874863875,-87.66655157560001,True
118,41.887137120649996,-87.666823405,True
119,41.89352445265,-87.6670334441,True
120,41.900044351199995,-87.667218667,True
121,41.90732267605,-87.6674186985,True
122,41.914587463800004,-87.6677086039,True
126,41.943342243749996,-87.66857612835,True
419,41.7509915533,-87.6293592354,True
331,41.72458345925,-87.6819942676,True
332,41.73187744165,-87.68222367245,True
335,41.754666434499995,-87.68279158280001,True
337,41.7683388771,-87.6831601845,True
340,41.7902016155,-87.68375284965,True
341,41.797510345700005,-87.68394954345,True
342,41.80478492985,-87.68414131565,True
343,41.81205980345,-87.68434346895,True
344,41.8193449434,-87.6845691554,True
345,41.82446593945,-87.6847062214,True
346,41.8325049325,-87.6848792144,True
350,41.871347047049994,-87.6859703877,True
351,41.879538877399995,-87.68619343994999,True
352,41.88682109695,-87.68640592375,True
353,41.893194618150005,-87.68658492189999,True
354,41.899378652349995,-87.68675103084999,True
361,41.94309477975,-87.6880274957,True
362,41.95037074225,-87.68817818285001,True
363,41.957661762,-87.68839079895,True
364,41.96496285425,-87.68861094985,True
365,41.972252201299995,-87.68884478105,True
366,41.9795285826,-87.68911563645,True
367,41.98683281375,-87.6893765428,True
422,41.751419837849994,-87.6003001781,True
423,41.75152024575,-87.5906050952,True
426,41.72110507765,-87.6577899223,True
427,41.7212366359,-87.64808499885,True
428,41.72144692525001,-87.63593184765,True
429,41.7216044963,-87.6245865906,True
430,41.7216917545,-87.61731423555,True
439,41.74910708235,-87.7364678331,True
440,41.749300170249995,-87.72674537245001,True
441,41.749471368049996,-87.71688730245,True
442,41.749561076999996,-87.70715328165,True
443,41.749670877499995,-87.69752763964999,True
444,41.7498397235,-87.6876966185,True
445,41.7500283774,-87.6779196469,True
446,41.75021698135,-87.66827839395,True
447,41.75030278815,-87.65858372215001,True
448,41.750407790349996,-87.64883450695001,True
453,41.75057720185,-87.65858084835,True
454,41.75068220345,-87.64883159165001,True
211,41.9109500811,-87.6552148626,True
212,41.911178154,-87.64070974195,True
230,41.865803259399996,-87.7594549709,True
231,41.8659692092,-87.74965947505,True
232,41.866128977849996,-87.7398624295,True
240,41.86706625675,-87.6615309522,True
241,41.867212561849996,-87.65179833055001,True
378,41.7683409509,-87.68352673465,True
379,41.7755978511,-87.6837250884,True
380,41.782873404149996,-87.68391829264999,True
381,41.790203688199995,-87.68411952435,True
382,41.7975124181,-87.68431625985,True
383,41.804787002,-87.68450807355,True
384,41.8120618752,-87.68471026834999,True
388,41.84555399595,-87.6856150285,True
389,41.8547744705,-87.68588438855,True
390,41.86206478875,-87.6860834845,True
391,41.87134911595,-87.68633752595,True
393,41.8868231651,-87.6867731506,True
394,41.893196685999996,-87.68695218525,True
395,41.8993807199,-87.68711832965,True
396,41.906669531000006,-87.68730740025,True
397,41.91356417895,-87.68748839565,True
398,41.920854085849996,-87.68769902435,True
402,41.94309684495,-87.68839504545,True
403,41.9503728073,-87.68854577434999,True
404,41.95766382665,-87.68875843235,True
405,41.96496491844999,-87.68897862525,True
406,41.97225426505,-87.68921249835,True
407,41.97953064575,-87.68948339565,True
408,41.986834876399996,-87.6897443441,True
409,41.75055262885,-87.6390849778,True
410,41.7507171413,-87.6293622337,True
411,41.750922000450004,-87.61972046254999,True
412,41.751064878899996,-87.6100522785,True
413,41.7511454276,-87.60030330014999,True
414,41.75124583605,-87.59060825854999,True
573,41.87681647705,-87.74494079845,True
574,41.88420759985,-87.74520726285,True
575,41.89145305495,-87.74548439955001,True
576,41.89866357045,-87.74571546835,True
578,41.8139447429,-87.5917631593,True
580,41.83193446615,-87.6041801736,True
581,41.8437740425,-87.6103119756,True
582,41.85346840475,-87.614437467,True
583,41.8627127851,-87.61754500105,True
584,41.870360156800004,-87.61790005770001,True
586,41.877085865,-87.61721673,True
595,41.9297541822,-87.6314405046,True
596,41.93690488635,-87.6350384609,True
597,41.944516376799996,-87.64069875205,True
598,41.951652566549996,-87.64387819725,True
599,41.95833127265,-87.64532973245,True
600,41.96570490845,-87.64693171914999,True
601,41.972999149,-87.64903412615,True
602,41.981073908249996,-87.65183816275001,True
609,41.83193679475,-87.6045470802,True
611,41.8534707016,-87.614804503,True
1281,41.887708,-87.62058300000001,True
1282,41.893893500000004,-87.62019649999999,True
83,41.8837050457,-87.72600663925,True
84,41.8904201506,-87.7261935396,True
242,41.8673240849,-87.6445516291,True
243,41.8674340279,-87.63631003745,True
244,41.8675756246,-87.6246968681,True
245,41.791914308049996,-87.79656375434999,True
246,41.7921153709,-87.7866919407,True
253,41.73516443855,-87.6971493133,True
254,41.735317793,-87.68735808865,True
255,41.7354536257,-87.67765092524999,True
256,41.735584875650005,-87.66792649445,True
257,41.7357253705,-87.65820408005,True
258,41.735969511600004,-87.64848505505,True
260,41.736249744549994,-87.61998746785,True
261,41.73643901245,-87.60967693755,True
262,41.736644231650004,-87.5952312799,True
263,41.736896287600004,-87.57725566165,True
264,41.73474406975,-87.7361078315,True
270,41.735728041200005,-87.67764813415,True
271,41.735859290549996,-87.66792366195,True
272,41.73599978485,-87.65820120615001,True
273,41.73624392545,-87.64848213975,True
294,41.9540864434,-87.67390300025,True
295,41.954197026749995,-87.6656508421,True
296,41.9542960382,-87.65839879695,True
297,41.95438760305,-87.6521237478,True
298,41.95447217355,-87.64713291075,True
302,41.9528900966,-87.8017654439,True
306,41.9533793583,-87.76207249264999,True
307,41.95349625445,-87.7522250503,True
308,41.953611094050004,-87.74268314105,True
309,41.9537257995,-87.732839265,True
314,41.954222041950004,-87.68360888075,True
315,41.9543608482,-87.6739001716,True
316,41.95447143115,-87.66564797800001,True
317,41.95457044215,-87.6583959017,True
318,41.9546620066,-87.65212082565,True
320,41.9088137173,-87.80028249995,False
321,41.9089364928,-87.78988492905,False
322,41.909049945250004,-87.7802908999,True
323,41.9091834769,-87.77067103945001,True
324,41.909302795399995,-87.76076112105,True
325,41.9094263215,-87.75095628234999,True
326,41.9095534664,-87.74119004785,True
455,41.7508270414,-87.63908202095,True
532,41.8513816545,-87.72968339715,True
546,41.851546023249995,-87.7369872238,True
547,41.8516560672,-87.72968082624999,True
566,41.781363405899995,-87.74167030025001,True
567,41.78867613285,-87.74151038725,True
568,41.79668761995,-87.74229905725,True
569,41.8039833307,-87.74288115155,True
570,41.81127832015,-87.74305530795,True
572,41.86952257765,-87.74469205935,True
275,41.73656261655,-87.61964371535001,True
276,41.73671342395,-87.60967385695,True
277,41.7369186423,-87.5952281378,True
278,41.73717069715,-87.57725244299999,True
285,41.95310494885,-87.76207494305,True
286,41.953221845499996,-87.7522275429,True
287,41.9533366856,-87.74268567460001,True
288,41.953451391550004,-87.7328418408,True
289,41.95357991905,-87.7227165436,True
623,41.913278904,-87.74591585065,True
624,41.920580266550004,-87.74600683455,True
625,41.92788099155,-87.74624650385,True
626,41.9351751012,-87.74655132135,True
627,41.94246882145,-87.74678185055,True
628,41.949769375749995,-87.7469937754,True
629,41.95783758415,-87.7472544795,True
636,41.788678026650004,-87.7418770572,True
641,41.869524460150004,-87.74505918935,True
643,41.88420948815,-87.74557448425,True
644,41.8914549343,-87.74585165145001,True
645,41.898665447949995,-87.7460827598,True
646,41.9059865043,-87.74622001259999,True
647,41.9132807869,-87.7462832258,True
651,41.94247069995,-87.74714940065,True
652,41.9497712525,-87.74736137114999,True
653,41.9578394631,-87.74762212344999,True
687,41.754760968300005,-87.61485357445,True
702,41.725525033249994,-87.6144470326,True
703,41.73284696,-87.6146151272,True
704,41.74015646285,-87.61480002835,True
705,41.74746634825,-87.6150515726,True
712,41.79839487475,-87.6162497345,True
713,41.80574953915,-87.6165513527,True
714,41.8130119745,-87.6168636357,True
715,41.820231881,-87.61706909419999,True
716,41.827465021,-87.6172545708,True
1196,41.695997500000004,-87.642302,True
247,41.7923085259,-87.77693710195,True
456,41.721849403099995,-87.6092992956,True
458,41.722103716999996,-87.58992178575,True
468,41.72187890945,-87.62458357509999,True
469,41.7219661672,-87.61731118910001,True
470,41.7221238153,-87.609296215,True
472,41.722378128049996,-87.5899186227,True
498,41.8011033721,-87.72832865115001,True
499,41.80497270355,-87.71876099549999,True
500,41.81087517945,-87.70914890194999,True
501,41.8169262502,-87.699373068,True
502,41.82287113385,-87.6896907808,True
503,41.82878410045,-87.6801344434,True
504,41.8346256856,-87.67057706525,True
505,41.842304268700005,-87.65615188359999,True
513,41.801377775,-87.728326065,True
514,41.805247115,-87.718758385,True
515,41.811149595,-87.709146245,True
516,41.817200655,-87.699370365,True
517,41.823145545,-87.68968804,True
518,41.829058515,-87.68013164999999,True
520,41.84257868,-87.65614898999999,True
521,41.850161560000004,-87.64066638,True
612,41.8627150725,-87.6179120957,True
890,41.929756428000005,-87.63180797895001,True
893,41.95165477345,-87.64424579825001,True
898,41.841993115,-87.62324706,True
899,41.84924852,-87.623523095,True
900,41.856529925000004,-87.62369349,True
903,41.86382854,-87.62385345000001,True
904,41.871614539999996,-87.62402584,True
907,41.880125535000005,-87.62419338000001,True
908,41.888522535,-87.62413038,True
911,41.896699825,-87.623966635,True
912,41.841993115,-87.62377206,True
913,41.84924852,-87.624008095,True
914,41.856529925000004,-87.62417349,True
917,41.86382854,-87.62433345,True
918,41.871614539999996,-87.62451684,True
921,41.880125535000005,-87.6246275,True
922,41.888522535,-87.6245045,True
925,41.896699825,-87.6243835,True
926,41.89262670405,-87.64966576980001,True
927,41.89978710685,-87.6607385071,True
1202,41.739716,-87.6435085,True
1203,41.747001,-87.64374699999999,True
1204,41.753366,-87.643923,True
1205,41.760645,-87.64410699999999,True
1206,41.7688365,-87.64431400000001,True
1207,41.7761115,-87.644502,True
1269,41.8820615,-87.6306285,True
1270,41.881945,-87.642126,True
1271,41.881795499999996,-87.6522515,True
1273,41.881634500000004,-87.66197199999999,True
615,41.877088154999996,-87.61758388999999,True
616,41.88265439715,-87.61595011425001,True
770,41.94957102405,-87.806963338,True
780,41.9903421345,-87.69454698965001,True
804,41.7770011264,-87.58614450355,True
805,41.78426600575,-87.5863650016,True
806,41.78972408925,-87.58650488,True
808,41.7259811519,-87.58537639869999,True
809,41.733264698149995,-87.58552035515001,True
810,41.740567219599995,-87.58568950285,True
811,41.74786973185,-87.5858586768,True
812,41.75515322235,-87.58602807919999,True
815,41.777003509950006,-87.58651107705,True
816,41.78426838895,-87.58673161655,True
817,41.78972647235,-87.5868715389,True
821,41.696457438150006,-87.55933542685,True
822,41.704570987500006,-87.55943709555,True
854,41.9693869695,-87.76452128950001,True
1033,41.8793613782,-87.6370501002,True
1034,41.8838210535,-87.6371144949,True
1036,41.8870294469,-87.63396230825,True
1037,41.88700864935,-87.63022819185,True
1038,41.887627072949996,-87.62627484185,True
1126,41.8439944105,-87.74381577665,True
1127,41.8586020821,-87.7443423924,True
493,41.793147813,-87.77693614385001,True
494,41.794821004499994,-87.7672428671,True
495,41.79633139205,-87.75753019595,True
496,41.79779452815,-87.7477804091,True
861,41.890834246050005,-87.6302983988,True
862,41.89089978055,-87.62608347074999,True
863,41.890968603350004,-87.62217718915,True
864,41.8910542578,-87.61722725585,True
877,41.9130509892,-87.62918797495,True
944,41.9717506942,-87.76444063675001,True
1053,41.8830879335,-87.64221561720001,True
1054,41.8831714559,-87.6307251881,True
1055,41.88458503865,-87.61749910329999,True
1056,41.8846303255,-87.6225460643,True
1057,41.88460367275,-87.63075936519999,True
1089,41.663511975199995,-87.62951281855,True
1090,41.6596689331,-87.6036272993,True
1104,41.8514326691,-87.75408969579999,True
1105,41.8514982288,-87.74187859265,True
1124,41.7273037356,-87.7407789599,True
1222,41.886480500000005,-87.647299,True
1226,41.91455,-87.6482005,True
1227,41.921817000000004,-87.64844400000001,True
1228,41.9290865,-87.648695,True
1229,41.936349,-87.6489485,True
1231,41.950939000000005,-87.64940250000001,True
1232,41.695997500000004,-87.64268200000001,True
1302,41.873074,-87.6224385,True
1133,41.843996293550006,-87.74418276245001,True
1134,41.85860396395,-87.7447094617,True
1173,41.66124280135,-87.61787848235,True
1178,41.79239314845,-87.58209679835,True
1181,41.79266755555,-87.5820935941,True
1182,41.99183445615,-87.66005724995,True
1184,42.009183920249995,-87.6620025821,True
1186,42.0018754291,-87.66083825355,True
1188,41.988224622299995,-87.6696631483,True
1213,41.819821000000005,-87.6456355,True
1214,41.827104000000006,-87.6458255,True
1215,41.834398,-87.6460005,True
1216,41.842620999999994,-87.6461915,True
1233,41.703278,-87.64291,True
1234,41.7105655,-87.6431085,True
1235,41.717836500000004,-87.64329799999999,True
1236,41.725112499999994,-87.64350400000001,True
1237,41.73242,-87.643681,True
1239,41.747001,-87.644127,True
1246,41.797943000000004,-87.645443,True
1247,41.8052245,-87.6456325,True
1248,41.812523999999996,-87.64582200000001,True
1249,41.819821000000005,-87.6460155,True
1250,41.827104000000006,-87.64620550000001,True
1251,41.834398,-87.64638049999999,True
1252,41.842620999999994,-87.6465715,True
1253,41.849920999999995,-87.646681,True
1254,41.856279,-87.64679100000001,True
1263,41.921817000000004,-87.64882399999999,True
1264,41.9290865,-87.649075,True
1265,41.936349,-87.6493285,True
1266,41.9436475,-87.64956649999999,True
1280,41.887708,-87.620333,True
1286,41.89677450000001,-87.62847500000001,True
1288,41.8966055,-87.64022700000001,True
1290,41.896432,-87.6515985,True
1292,41.871526,-87.627418,True
1293,41.871526,-87.627618,True
1294,41.881226,-87.627697,True
1295,41.881226,-87.62789699999999,True
1300,41.878012,-87.6420775,True
1304,41.874238,-87.643306,True
1309,41.874488,-87.643306,True
131,41.9798229242,-87.66953107145,True
132,41.9851133317,-87.66957938544999,True
140,41.783106772400004,-87.6644909461,True
141,41.790386667899995,-87.6646714914,True
142,41.797672356,-87.66486250425,True
143,41.804962394650005,-87.66505787610001,True
144,41.8122386857,-87.66524375419999,True
150,41.86232868425,-87.66644438489999,True
155,41.9000464812,-87.6675859682,True
156,41.9073248057,-87.66778604145,True
157,41.91458959285,-87.6680759885,True
158,41.921850238299996,-87.6683031067,True
173,41.79373956545,-87.69867465445,True
174,41.793920902400004,-87.68891848005,True
175,41.7940336559,-87.6791697733,True
176,41.79410754605,-87.66943977435,True
182,41.7344696511,-87.7361103737,True
183,41.7346352372,-87.72630992255,True
184,41.73480115380001,-87.716726647,True
187,41.9098032166,-87.7215170033,True
194,41.9106756752,-87.65521776700001,True
195,41.91090374895,-87.64071270845,True
196,41.90908813055,-87.800280217,True
197,41.909210905600006,-87.78988260155,False
198,41.9093243576,-87.7802885313,True
199,41.909457888800006,-87.7706686297,True
205,41.9101919452,-87.71182924224999,True
206,41.91030353965,-87.70199631189999,True
207,41.910406309150005,-87.69212640660001,True
8,41.794099659850005,-87.65001876245,True
9,41.79428104745,-87.63814507145,True
10,41.7944517153,-87.62841543454999,True
11,41.794584794,-87.6208425801,True
14,41.7925829437,-87.775707513,True
15,41.7927797,-87.76715003,True
16,41.79295237,-87.757370605,True
27,41.7568344061,-87.7220202825,True
28,41.7677361308,-87.7223166828,True
29,41.77501512085,-87.72251932815,True
30,41.7822964335,-87.72271197735,True
41,41.870723270650004,-87.72518413194999,True
44,41.8904162669,-87.72580592745,True
52,41.947406830549994,-87.72730718945,True
53,41.9566298249,-87.72754754799999,True
78,41.8479037769,-87.72490644530001,True
93,41.956633702299996,-87.72795456760001,True
94,41.9639309592,-87.72815982885001,True
95,41.9718900624,-87.72838205005,True
96,41.979184675,-87.72858462055001,True
97,41.98648638905,-87.72878811155,True
100,41.739432205149996,-87.66297515465,True
101,41.746715852,-87.66316124745,True
108,41.80496026045,-87.66469111865,True
109,41.8122365518,-87.6648769553,True
110,41.81951029635,-87.66504480565001,True
111,41.8268255753,-87.66525481365,True
115,41.86232655205,-87.66607729965,True
116,41.87052989535,-87.66630767480001,True
123,41.92184810965,-87.66793568045,True
124,41.9287764963,-87.66808617890001,True
125,41.9360489565,-87.66834408860001,True
290,41.9537158832,-87.71291542060001,True
291,41.9538095995,-87.70312906235,True
292,41.95385611205,-87.6933547644,True
420,41.7511964119,-87.61971742315001,True
421,41.75133928975,-87.6100491979,True
214,41.865528845949996,-87.75945742495,True
215,41.8656947962,-87.749661971,True
216,41.8658545653,-87.73986496735,True
217,41.865965306250004,-87.7300689075,True
218,41.8660937632,-87.72029694985,True
336,41.76196613015,-87.68298932505,True
338,41.77559577765,-87.6833584969,True
339,41.78287133105,-87.68355165975,True
347,41.84555192575,-87.68524803775,True
348,41.8547634356,-87.68562687465,True
349,41.8620537542,-87.68582592895,True
355,41.90666746375,-87.68694005965,True
356,41.913562111999994,-87.68712101554999,True
357,41.9208520193,-87.68733160240001,True
358,41.9264402116,-87.68751215655,True
376,41.7546685089,-87.68315805514999,True
377,41.761968204249996,-87.6833558389,True
385,41.81934701465,-87.68493599634999,True
386,41.8244680105,-87.6850730916,True
387,41.83250700335,-87.68524613055,True
392,41.879540945900004,-87.6865606251,True
399,41.92644227775,-87.68787961055,True
400,41.9300815,-87.6880000106,True
401,41.935821004000005,-87.68820751035,True
451,41.7503027922,-87.6779168555,True
452,41.750491395599994,-87.66827556145,True
577,41.90598461465,-87.7458526848,True
579,41.82111627265,-87.59744098510001,True
587,41.8826521027,-87.61558292585,True
594,41.91870645865,-87.62840374564999,True
607,41.8139471103,-87.5921299622,True
608,41.8211186223,-87.5978078312,True
610,41.843776352,-87.61067894485001,True
1283,41.893893500000004,-87.6203965,True
236,41.866595192350005,-87.70078699335,True
237,41.866698810200006,-87.69097157844999,True
238,41.8668207618,-87.68114265944999,True
239,41.86694523475,-87.67131520745,True
259,41.736137263399996,-87.63453697725001,True
274,41.7364501363,-87.6341932867,True
280,41.95251630755,-87.81216445395,True
281,41.95261568535,-87.801767724,True
282,41.9526924958,-87.791417095,True
283,41.95284911995,-87.7816683387,True
284,41.9529831592,-87.77188846339999,True
303,41.9529669066,-87.7914147705,True
304,41.95312353035,-87.78166597239999,True
305,41.95325756915,-87.7718860551,True
311,41.953990290099995,-87.7129127593,True
312,41.9540840059,-87.7031263591,True
313,41.9541305179,-87.6933520192,True
533,41.85147826825,-87.71993101035,True
544,41.85272056615,-87.62162510955,True
554,41.852394801450004,-87.6708997129,True
555,41.8525847782,-87.6610601661,True
251,41.7929362673,-87.73747540525,True
465,41.72137949275,-87.6577870481,True
466,41.7215110504,-87.64808208335,True
467,41.721721339050006,-87.6359288804,True
497,41.79926149865,-87.73803798525,True
632,41.755551681499995,-87.7417975672,True
635,41.781365304450006,-87.74203693035,True
642,41.876818367300004,-87.74530797755,True
648,41.92058214535,-87.7463742553,True
649,41.92788286845,-87.74661396835,True
650,41.93517697195,-87.7469188333,True
709,41.77656647115,-87.61570991105,True
710,41.7838510339,-87.61591194805,True
711,41.791098018599996,-87.61608110505,True
717,41.83476327925,-87.61740361135,True
718,41.842061602550004,-87.61756458475,True
719,41.8475203441,-87.6180798243,True
721,41.91468700655,-87.66498822045,True
1197,41.703278,-87.64253,True
1198,41.7105655,-87.6427285,True
1199,41.717836500000004,-87.64291800000001,True
1277,41.871643,-87.62059450000001,True
506,41.84988715135,-87.6406693317,True
510,41.79660581,-87.757527735,True
511,41.79806894,-87.74777791,True
512,41.799535905,-87.73803544,True
519,41.834900095,-87.67057421999999,True
531,41.85127161015,-87.73698976349999,True
758,41.89172275155,-87.62610655505,True
759,41.8917644453,-87.62217495384999,True
760,41.891849216,-87.61721086554999,True
765,41.91250323575,-87.80568845125,True
786,41.99034797595,-87.72376083445,True
796,41.715057197250005,-87.58533977024999,True
797,41.725978767049995,-87.58501010815,True
798,41.7332623134,-87.5851540232,True
799,41.740564835,-87.58532312385,True
800,41.7478673474,-87.58549224890001,True
807,41.7150595805,-87.58570599154999,True
813,41.76243670385,-87.58619752620001,True
814,41.769720028950005,-87.58634159595,True
1200,41.725112499999994,-87.643124,True
1201,41.73242,-87.64330100000001,True
1208,41.783388,-87.6446885,True
1209,41.790662999999995,-87.644875,True
1210,41.797943000000004,-87.645063,True
1274,41.8814345,-87.66197199999999,True
825,41.971748871399996,-87.7640729172,True
826,41.9792846361,-87.77086694835,True
860,41.969661378249995,-87.7645188482,True
866,41.87809132475,-87.64235094365,True
884,41.9131626167,-87.62925534655,True
933,41.89262888985,-87.65003301429999,True
1081,41.66323755895,-87.62951580695,True
1100,41.8509669605,-87.75387480110001,True
1101,41.8512238155,-87.74188112064999,True
1276,41.871643,-87.6203945,True
986,41.70457345295,-87.55980326795,True
1183,42.00187327045,-87.6604543001,True
1189,41.988620242050004,-87.6699387919,True
1193,41.85117677695,-87.61887492425001,True
1211,41.8052245,-87.6452525,True
1217,41.849920999999995,-87.646301,True
1218,41.856279,-87.646411,True
1219,41.863532,-87.646623,True
1220,41.870745,-87.64683199999999,True
1221,41.878057,-87.647053,True
1230,41.9436475,-87.64918650000001,True
1241,41.760645,-87.644487,True
1242,41.7688365,-87.64469399999999,True
1243,41.7761115,-87.644882,True
1244,41.783388,-87.64506850000001,True
1245,41.790662999999995,-87.64525499999999,True
1261,41.907278,-87.6483735,True
1262,41.91455,-87.64858050000001,True
1268,41.6611578,-87.6183175,True
1285,41.896685500000004,-87.6206445,True
1296,41.891745,-87.62798699999999,True
1301,41.8781785,-87.63061,True
1303,41.873274,-87.6224385,True
1307,41.8709475,-87.630655,True
1,41.7931038686,-87.71838370045,True
2,41.79325862595,-87.70858128535,True
12,41.7921887268,-87.79656146490001,True
13,41.79238978915,-87.78668960915,True
45,41.89901858105,-87.726042651,True
46,41.9044127704,-87.72618815474999,True
47,41.908020388050005,-87.7262032041,True
166,41.979825050100004,-87.6698988309,True
424,41.72085883935,-87.67739405645,True
425,41.72097377165,-87.66768150384999,True
219,41.866210352,-87.7105463263,True
220,41.86632078185,-87.70078969835001,True
221,41.86642440025,-87.69097432545,True
222,41.8665463524,-87.6811454485,True
223,41.8666708259,-87.67131803855,True
226,41.86704967755,-87.6445545746,True
227,41.86715962105,-87.6363130182,True
233,41.8662397183,-87.73006632775,True
234,41.86636817475,-87.72029432824999,True
235,41.866484763049996,-87.71054366300001,True
359,41.9300794341,-87.68763253575,True
360,41.9358189385,-87.68784000245,True
372,41.724585535,-87.6823605688,True
373,41.73187951695,-87.6825900151,True
592,41.90248741645,-87.621906653,True
593,41.907663122399995,-87.62503419244999,True
252,41.793022979599996,-87.72806253280001,True
293,41.95394763665,-87.68361166775,True
310,41.95385432645,-87.72271392434999,True
540,41.85231036925,-87.66106304505,True
556,41.852749783250005,-87.6513199988,True
637,41.796689514250005,-87.74266576560001,True
638,41.803985218,-87.74324791075,True
463,41.721133255599995,-87.67739126565,True
464,41.72124818735,-87.6676786717,True
508,41.793422230000004,-87.77693377,True
509,41.795095419999996,-87.767240455,True
706,41.754763259399994,-87.61522003479999,True
707,41.762060032549996,-87.61537187445,True
708,41.769331960900004,-87.61554066810001,True
801,41.7551508382,-87.5856616227,True
802,41.7624343199,-87.5858310228,True
803,41.76971764515,-87.58597505110001,True
859,41.97189961755,-87.7728979645,True
1272,41.8815955,-87.6522515,True
985,41.69645990355,-87.5597015642,True
1082,41.65939451825,-87.60363039719999,True
1240,41.753366,-87.64430300000001,True
1258,41.886480500000005,-87.64767900000001,True
1287,41.8965745,-87.62847500000001,True
1289,41.8964055,-87.64022700000001,True
1212,41.812523999999996,-87.645442,True
1297,41.891745,-87.628187,True
224,41.8667918484,-87.66153382515,True
225,41.86693815405,-87.6518012451,True
228,41.867301218449995,-87.62469989855,True
248,41.79240528,-87.76715122499999,True
249,41.792577949999995,-87.757371845,True
250,41.79282219205,-87.747247329,True
457,41.7219770221,-87.59961945744999,True
827,41.9865548289,-87.77751494435,True
931,41.99377296625,-87.78427851275,True
932,42.00465993585,-87.794322724,True
947,41.993774725,-87.784646353,True
948,42.0046608098,-87.79475665269999,True
1225,41.907278,-87.6479935,True
1255,41.863532,-87.647003,True
1256,41.870745,-87.647212,True
1257,41.878057,-87.647433,True
1028,41.8867342438,-87.63023120074999,True
945,41.97928643745,-87.77123472085,True
946,41.98655660915,-87.77788275360001,True
1259,41.893791,-87.64787100000001,True
557,41.8528899299,-87.6416924413,True
934,41.89978925755,-87.66110579345,True
935,41.906910310949996,-87.67216445865,True
883,41.91327761695,-87.63238269844999,True
942,41.9570269563,-87.7510720743,True
474,41.7227418862,-87.56761786729999,True
738,41.93554586795,-87.71791638085,True
987,41.71178795665,-87.5599036192,True
620,41.896440825,-87.61708344499999,True
656,41.87554208675,-87.62594277635,True
769,41.941625120699996,-87.80668271735,True
417,41.74974578495,-87.71688467705,True
418,41.7498354934,-87.7071506148,True
449,41.74994529345,-87.69752493179999,True
450,41.7501141389,-87.68769386875,True
471,41.72225143375,-87.59961633565,True
841,41.941626806,-87.80705026455,True
842,41.949572708649995,-87.80733092355,True
415,41.749381500300004,-87.7364652912,True
416,41.749574587699996,-87.7267427891,True
1024,41.879359151399996,-87.63668291984999,True
1049,41.882168207,-87.6717518229,True
1051,41.882800640650004,-87.66066979715,True
1052,41.8829714326,-87.65203588315,True
1305,41.874595,-87.633549,True
1308,41.874345,-87.633549,True
1025,41.8838188267,-87.636747289,True
1027,41.886755048,-87.6339653011,True
1003,42.01213412585,-87.686654788,True
1291,41.896232,-87.6515985,True
66,41.74587769525,-87.72204642265001,True
484,41.6919860981,-87.67587203155,True
1118,41.6918106826,-87.69099006295,True
660,41.8758164926,-87.6259397503,True
26,41.745873795950004,-87.7216486379,True
823,41.711785491200004,-87.5595374095,True
19,41.694914378600004,-87.72030722085,True
20,41.70223150555,-87.72061949740001,True
21,41.709536374150005,-87.72086779234999,True
548,41.8517526805,-87.71992839584999,True
737,41.9283704209,-87.7061445166,True
763,41.7883129609,-87.80118872415,True
781,41.990466869399995,-87.68477720055,True
782,41.9905965282,-87.67600424085,True
792,41.9877742628,-87.66727720775,True
853,41.97162520845,-87.77290037,True
22,41.71685298725,-87.72108500395001,False
23,41.724229577,-87.72138086999999,False
24,41.7313903445,-87.72142210135,True
25,41.73851735745,-87.7214052063,True
64,41.7313942441,-87.7218218759,True
65,41.73852125775,-87.72180323585,True
1185,41.99183661565,-87.6604411455,True
1238,41.739716,-87.6438885,True
59,41.6949182826,-87.72070488375,True
60,41.70223540815,-87.72101702425,True
61,41.7095402757,-87.72126574455001,True
62,41.71685688795,-87.72148259045,False
63,41.72423347635,-87.72177843975001,False
301,41.9527907193,-87.81216221845,True
492,41.692121207149995,-87.6669879011,True
840,41.93440141275,-87.80678242775,True
888,41.80676491715,-87.58515538235,True
168,41.9520117032,-87.83184545865001,True
299,41.9522861158,-87.83184330764999,True
300,41.95253232905,-87.82202047370001,True
534,41.8516832564,-87.71308151,True
535,41.8516266799,-87.7080483025,True
536,41.85174261185,-87.70032627730001,True
537,41.85183654985,-87.69054076399999,True
538,41.85197907935,-87.68075472325,True
773,41.957025091199995,-87.75070443295,True
843,41.9718647205,-87.80725981235,True
844,41.9791232985,-87.80716263400001,True
887,41.79897807715,-87.580200014,True
938,41.92837242755,-87.70651198305,True
941,41.949832343699995,-87.74164092379999,True
943,41.9642398178,-87.7578159523,True
1117,41.6916022124,-87.71056145840001,True
1172,41.961078748199995,-87.80746606665,True
539,41.85212039195,-87.67090255165,True
541,41.85247537485,-87.65132291945,True
279,41.95225791685,-87.82202266690001,True
477,41.691711680599994,-87.67587482405,True
478,41.692067316350006,-87.6576917231,True
479,41.6921711822,-87.64725236985001,True
485,41.69234173275,-87.65776727545,True
491,41.69190199855,-87.66691530975001,True
683,41.725522741,-87.6140807294,True
684,41.7328446679,-87.61424877875,True
753,41.722133200900004,-87.53570570605,True
838,41.920082100200005,-87.8063019193,True
839,41.92740372025,-87.80654080779999,True
939,41.93554783715,-87.71828387644999,True
940,41.94269379145,-87.7299724101,True
1115,41.69132779305,-87.71056410535,True
1116,41.691536264250004,-87.69099279310001,True
1132,41.82944447545,-87.74385203770001,True
1187,42.00918607155,-87.6623705101,True
333,41.73917045995,-87.68241343700001,True
229,41.86568430415,-87.76925001584999,True
542,41.85261552205,-87.64169539205,True
543,41.852704955549996,-87.63199133825,True
545,41.85269464295,-87.62542688959999,True
558,41.85297936285,-87.631988346,True
559,41.85302074645,-87.62163308385,True
560,41.852994823450004,-87.6254348802,True
563,41.75554979005,-87.74143109315,True
639,41.811280200300004,-87.74342210885,True
640,41.818490672950006,-87.7436249378,True
685,41.74015417105,-87.61443365115,True
686,41.74746405695,-87.61468515745,True
688,41.7620577416,-87.61500537079999,True
689,41.769329670199994,-87.61517412124999,True
480,41.69227837985,-87.63764543315,True
481,41.6924029633,-87.62698196795,True
482,41.69255418775,-87.6154482141,True
837,41.91250492325,-87.80605582765,True
858,41.974861865150004,-87.78304583845,True
936,41.9140241024,-87.6832074973,True
937,41.9211811314,-87.69466116014999,True
1083,41.659435471150005,-87.5740468415,True
1170,41.886983792600006,-87.80522480035,False
1171,41.9015621675,-87.8057272235,False
1192,41.8511744933,-87.61878482955001,True
334,41.74645822875,-87.68257997685001,True
265,41.7349096553,-87.72630733860001,True
266,41.7350755714,-87.71672402224999,True
267,41.7352582178,-87.70704393415,True
268,41.7354388551,-87.6971466052,True
269,41.73559220905,-87.68735533885001,True
622,41.9076653877,-87.62540153219999,True
633,41.7665136651,-87.74209919545,True
634,41.7747694813,-87.74235708375,True
690,41.7765641807,-87.61534332115,True
691,41.783848743700005,-87.61554530929999,True
692,41.7910957286,-87.61571442315,True
693,41.79839258495,-87.61588300734999,True
694,41.805747249999996,-87.61618458905,True
696,41.8202295929,-87.6167022497,True
697,41.82746273315,-87.61688768865,True
490,41.6927751396,-87.6043317544,True
889,41.9187087137,-87.62877115264999,True
891,41.9369071209,-87.63540597295,True
892,41.94451859355,-87.64106630635001,True
894,41.9583334752,-87.6456973775,True
895,41.9657071062,-87.6472994049,True
896,41.9730013403,-87.64940184665,True
828,41.9791216124,-87.8067948841,True
829,41.986377517250006,-87.8067257418,True
856,41.98013848795,-87.8017065697,True
857,41.977700627749996,-87.7921572115,True
867,41.88313464865,-87.64253861825,True
1026,41.8862888613,-87.63602387905,True
882,41.912166513100004,-87.63309093264999,True
886,41.79381733505,-87.57956307535,True
1058,41.8845145865,-87.6422499578,True
1151,41.886983792600006,-87.80482480034999,False
1152,41.9015621675,-87.8053272235,False
589,41.888142994999995,-87.61388387,True
551,41.852017023,-87.7003235753,True
552,41.85211096045,-87.6905380092,True
553,41.85225348945,-87.6807519358,True
679,41.885430275100006,-87.6444176879,True
695,41.8130096861,-87.6164968379,True
698,41.83476099155,-87.61703668385,True
700,41.84751805805,-87.61771282935,True
774,41.98989280575,-87.7494977975,True
526,41.9932147806,-87.7578516304,True
529,41.99677404,-87.76534076,True
755,41.7170714345,-87.535438461,True
756,41.7221357429,-87.53607198885,True
766,41.920080413250005,-87.80593450315,True
767,41.92740203385,-87.806173357,True
768,41.934399726799995,-87.80641492575,True
1035,41.88629109055,-87.63639109900001,True
834,41.78099083305,-87.80124081595,True
835,41.788314658800005,-87.80155539585,True
845,41.9863792038,-87.8070935298,True
846,41.99387803575,-87.80702241675,True
850,41.979864078000006,-87.8017088522,True
851,41.9774262181,-87.79215953479999,True
852,41.97458745575,-87.7830482006,True
875,41.9120948931,-87.632866257,True
929,41.914022021799994,-87.6828401203,True
1098,41.8504830408,-87.79354700395,False
1099,41.8507279962,-87.7734806928,False
549,41.85195766825,-87.71307885335,True
550,41.851901091399995,-87.70804562255,True
564,41.76651177555,-87.74173265905,True
565,41.7747675854,-87.7419904985,True
771,41.9718630349,-87.8068920895,True
775,41.9898178685,-87.74335684865,True
699,41.8420593151,-87.61719762105,True
486,41.69244559805,-87.64724945924999,True
487,41.69255279515,-87.63764247985,True
488,41.6926773779,-87.6269789602,True
489,41.69282860175,-87.6154451555,True
762,41.7809891344,-87.80087419329999,True
776,41.9899522945,-87.7335216163,True
777,41.990073570199996,-87.72376345250001,True
778,41.9901805631,-87.714990834,True
779,41.9902729518,-87.7052558049,True
966,41.823012515,-87.67998711999999,True
967,41.823062515000004,-87.67029212,True
968,41.8232327,-87.65573101999999,True
969,41.82355231,-87.63823023,True
1103,41.85119370575,-87.77369567135,False
1153,41.961078748199995,-87.80706606665001,True
670,41.975410987299995,-87.8364315053,True
527,42.008392220000005,-87.78538234,True
528,42.00105916,-87.77438602000001,True
757,41.891663852600004,-87.6303274128,True
881,41.90752253235,-87.63321376844999,True
970,41.82376653,-87.62847842,True
971,41.82384853,-87.62172342,True
997,42.011764171799996,-87.78112632989999,True
1102,41.85075745655,-87.79354469685,False
605,41.7989804808,-87.5805667288,True
606,41.8067673053,-87.58552214015,True
571,41.8184887946,-87.7432580976,True
1125,41.8294425919,-87.743485135,True
878,41.88926834205,-87.63270554190001,True
879,41.89410796995,-87.63282186265,True
880,41.9002490802,-87.6330009096,True
928,41.90690819535,-87.6717971306,True
930,41.92117908705,-87.6942937266,True
972,41.82387853,-87.61194642000001,True
1000,42.0116590803,-87.71882781324999,True
1001,42.01184801795,-87.70440168165,True
604,41.79381974055,-87.57992976610001,True
525,41.9967211269,-87.7656370638,True
739,41.9426918594,-87.72960487085001,True
795,41.98804866565,-87.66727434725,True
956,41.89249500425,-87.6261144449,True
979,41.82404853,-87.62172342,True
980,41.82407853,-87.61194642000001,True
1299,41.882531,-87.6324705,True
772,41.9498304487,-87.74127333175,True
473,41.7225608001,-87.58023536705,True
787,41.9904549684,-87.7149881782,True
788,41.990547356600004,-87.7052531073,True
789,41.990616538699996,-87.69454424605,True
790,41.99074127305,-87.68477441495,True
791,41.990870931399996,-87.67600141755,True
1018,42.012122421650005,-87.70439897829999,True
824,41.96423797405,-87.7574482764,True
977,41.82375231,-87.63823023,True
978,41.82396653,-87.62847842,True
618,41.888145295,-87.614251085,True
621,41.9024896915,-87.62227396649999,True
530,41.993267669999994,-87.75755534000001,True
1040,41.88797016,-87.61930072999999,True
783,41.9901672128,-87.74949528995,True
784,41.99009227525,-87.74335431475001,True
785,41.99022670075,-87.73351904020001,True
957,41.892571033500005,-87.62221509365,True
976,41.8234327,-87.65573101999999,True
974,41.823212515,-87.67998711999999,True
459,41.7222863897,-87.5802385713,True
460,41.7224674766,-87.56762112525,True
962,41.89323557115,-87.63037361935,True
1306,41.8709475,-87.630455,True
954,41.8923980857,-87.63481009665,True
955,41.89243075355,-87.6303217886,True
960,41.8933763048,-87.62225324635,True
1298,41.882531,-87.6322705,True
375,41.7464603035,-87.68294640245,True
483,41.69250072625,-87.60433485475,True
871,41.889266100849994,-87.63233830335,True
872,41.894105729,-87.6324546037,True
975,41.823262514999996,-87.67029212,True
374,41.73917253495,-87.68277982110001,True
793,41.9850826215,-87.65796331265,True
873,41.90024683955,-87.63263361169999,True
874,41.907520292049995,-87.63284642515,True
961,41.8932961845,-87.6261657133,True
319,41.954746576800005,-87.64712996725,True
591,41.896438535,-87.616716175,True
1029,41.8873526649,-87.6262778678,True
1031,41.887695754999996,-87.619303785,True
876,41.91308026635,-87.63223766659999,True
752,41.71706889075,-87.53507221070001,True
949,41.8830841714,-87.691408436,True
950,41.88298323,-87.7012514078,True
1260,41.9000165,-87.6481095,True
673,41.97541178305,-87.83679926065,True
674,41.841913081049995,-87.63058768745,True
369,41.702728680250004,-87.68168712925001,True
1224,41.9000165,-87.6477295,True
368,41.6954300975,-87.68145450124999,True
329,41.710024016350005,-87.681548756,True
330,41.71730551515,-87.6817661449,True
680,41.8781017767,-87.64416660685,True
1059,41.88434901025,-87.6520751801,True
1060,41.8842658282,-87.66002547184999,True
1061,41.8837223507,-87.66407757889999,True
1062,41.883308385700005,-87.66584658745,True
327,41.69542802005,-87.68108836555001,True
1223,41.893791,-87.647491,True
1063,41.88336014915,-87.6717794644,True
328,41.70272660325,-87.68132095210001,True
371,41.71730759135,-87.6821324048,True
830,41.993876348650005,-87.8066545709,True
370,41.71002609295,-87.6819149746,True
1091,41.659709884099996,-87.57404361799999,True
